<inspections profile_name="Default" version="1.0">
  <option name="myName" value="Default" />
  <option name="myLocal" value="true" />
  <inspection_tool class="DefaultFileTemplate" enabled="false" level="WARNING" enabled_by_default="false">
    <option name="CHECK_FILE_HEADER" value="true" />
    <option name="CHECK_TRY_CATCH_SECTION" value="true" />
    <option name="CHECK_METHOD_BODY" value="true" />
  </inspection_tool>
  <inspection_tool class="HtmlFormInputWithoutLabel" enabled="false" level="WARNING" enabled_by_default="false" />
  <inspection_tool class="HtmlUnknownAttribute" enabled="true" level="WARNING" enabled_by_default="true">
    <option name="myValues">
      <value>
        <list size="2">
          <item index="0" class="java.lang.String" itemvalue="src" />
          <item index="1" class="java.lang.String" itemvalue="sv-prevent" />
        </list>
      </value>
    </option>
    <option name="myCustomValuesEnabled" value="true" />
  </inspection_tool>
  <inspection_tool class="JSLastCommaInArrayLiteral" enabled="false" level="WARNING" enabled_by_default="false" />
  <inspection_tool class="JSLastCommaInObjectLiteral" enabled="false" level="WARNING" enabled_by_default="false" />
  <inspection_tool class="LoggerInitializedWithForeignClass" enabled="false" level="WARNING" enabled_by_default="false">
    <option name="loggerClassName" value="org.apache.log4j.Logger,org.slf4j.LoggerFactory,org.apache.commons.logging.LogFactory,java.util.logging.Logger" />
    <option name="loggerFactoryMethodName" value="getLogger,getLogger,getLog,getLogger" />
  </inspection_tool>
  <inspection_tool class="SpellCheckingInspection" enabled="false" level="TYPO" enabled_by_default="false">
    <option name="processCode" value="true" />
    <option name="processLiterals" value="true" />
    <option name="processComments" value="true" />
  </inspection_tool>
</inspections>