<inspections profile_name="Project Default" version="1.0">
  <option name="myName" value="Project Default" />
  <option name="myLocal" value="true" />
  <inspection_tool class="AbstractBeanReferencesInspection" enabled="false" level="ERROR" enabled_by_default="false" />
  <inspection_tool class="AbstractClassExtendsConcreteClass" enabled="true" level="WARNING" enabled_by_default="true" />
  <inspection_tool class="AbstractClassNeverImplemented" enabled="true" level="WARNING" enabled_by_default="true" />
  <inspection_tool class="AbstractMethodCallInConstructor" enabled="true" level="WARNING" enabled_by_default="true" />
  <inspection_tool class="AbstractMethodOverridesAbstractMethod" enabled="true" level="WARNING" enabled_by_default="true" />
  <inspection_tool class="AbstractMethodOverridesConcreteMethod" enabled="true" level="WARNING" enabled_by_default="true" />
  <inspection_tool class="AbstractMethodWithMissingImplementations" enabled="true" level="WARNING" enabled_by_default="true" />
  <inspection_tool class="AmbiguousFieldAccess" enabled="true" level="WARNING" enabled_by_default="true" />
  <inspection_tool class="AmbiguousMethodCall" enabled="true" level="WARNING" enabled_by_default="true" />
  <inspection_tool class="AndroidLintContentDescription" enabled="false" level="WARNING" enabled_by_default="false" />
  <inspection_tool class="AndroidLintHardcodedText" enabled="false" level="WARNING" enabled_by_default="false" />
  <inspection_tool class="AndroidLintUseCompoundDrawables" enabled="false" level="WARNING" enabled_by_default="false" />
  <inspection_tool class="AnonymousClassComplexity" enabled="true" level="WARNING" enabled_by_default="true">
    <option name="m_limit" value="3" />
  </inspection_tool>
  <inspection_tool class="AnonymousClassMethodCount" enabled="true" level="WARNING" enabled_by_default="true">
    <option name="m_limit" value="1" />
  </inspection_tool>
  <inspection_tool class="AnonymousClassVariableHidesContainingMethodVariable" enabled="true" level="WARNING" enabled_by_default="true" />
  <inspection_tool class="AnonymousInnerClass" enabled="true" level="WARNING" enabled_by_default="true" />
  <inspection_tool class="AntDuplicateTargetsInspection" enabled="false" level="ERROR" enabled_by_default="false" />
  <inspection_tool class="AntMissingPropertiesFileInspection" enabled="false" level="ERROR" enabled_by_default="false" />
  <inspection_tool class="AntResolveInspection" enabled="false" level="ERROR" enabled_by_default="false" />
  <inspection_tool class="ArchaicSystemPropertyAccess" enabled="true" level="WARNING" enabled_by_default="true" />
  <inspection_tool class="ArrayEquality" enabled="true" level="WARNING" enabled_by_default="true" />
  <inspection_tool class="AssertEqualsBetweenInconvertibleTypesTestNG" enabled="false" level="WARNING" enabled_by_default="false" />
  <inspection_tool class="AssignmentResultUsedJS" enabled="true" level="WARNING" enabled_by_default="true" />
  <inspection_tool class="AssignmentToCatchBlockParameter" enabled="true" level="WARNING" enabled_by_default="true" />
  <inspection_tool class="AssignmentToForLoopParameter" enabled="true" level="WARNING" enabled_by_default="true">
    <option name="m_checkForeachParameters" value="false" />
  </inspection_tool>
  <inspection_tool class="AssignmentToForLoopParameterJS" enabled="true" level="WARNING" enabled_by_default="true" />
  <inspection_tool class="AssignmentToMethodParameter" enabled="true" level="WARNING" enabled_by_default="true">
    <option name="ignoreTransformationOfOriginalParameter" value="false" />
  </inspection_tool>
  <inspection_tool class="AssignmentToNull" enabled="false" level="WARNING" enabled_by_default="false">
    <option name="ignoreAssignmentsToFields" value="true" />
  </inspection_tool>
  <inspection_tool class="AssignmentUsedAsCondition" enabled="true" level="WARNING" enabled_by_default="true" />
  <inspection_tool class="AutowiredDependenciesInspection" enabled="false" level="WARNING" enabled_by_default="false" />
  <inspection_tool class="BadExceptionCaught" enabled="true" level="WARNING" enabled_by_default="true">
    <option name="exceptionsString" value="" />
    <option name="exceptions">
      <value />
    </option>
  </inspection_tool>
  <inspection_tool class="BadExceptionDeclared" enabled="true" level="WARNING" enabled_by_default="true">
    <option name="exceptionsString" value="" />
    <option name="exceptions">
      <value />
    </option>
    <option name="ignoreTestCases" value="false" />
    <option name="ignoreLibraryOverrides" value="false" />
  </inspection_tool>
  <inspection_tool class="BadExceptionThrown" enabled="true" level="WARNING" enabled_by_default="true">
    <option name="exceptionsString" value="" />
    <option name="exceptions">
      <value />
    </option>
  </inspection_tool>
  <inspection_tool class="BadOddness" enabled="true" level="WARNING" enabled_by_default="true" />
  <inspection_tool class="BigDecimalEquals" enabled="true" level="WARNING" enabled_by_default="true" />
  <inspection_tool class="BooleanVariableAlwaysNegated" enabled="true" level="WARNING" enabled_by_default="true" />
  <inspection_tool class="BreakStatement" enabled="true" level="WARNING" enabled_by_default="true" />
  <inspection_tool class="BreakStatementWithLabel" enabled="true" level="WARNING" enabled_by_default="true" />
  <inspection_tool class="BvConfigDomInspection" enabled="false" level="ERROR" enabled_by_default="false" />
  <inspection_tool class="BvConstraintMappingsInspection" enabled="false" level="ERROR" enabled_by_default="false" />
  <inspection_tool class="CStyleArrayDeclaration" enabled="true" level="WARNING" enabled_by_default="true" />
  <inspection_tool class="CachedNumberConstructorCall" enabled="true" level="WARNING" enabled_by_default="true" />
  <inspection_tool class="CallToSimpleGetterInClass" enabled="true" level="WARNING" enabled_by_default="true">
    <option name="ignoreGetterCallsOnOtherObjects" value="false" />
    <option name="onlyReportPrivateGetter" value="false" />
  </inspection_tool>
  <inspection_tool class="CallToSimpleSetterInClass" enabled="true" level="WARNING" enabled_by_default="true">
    <option name="ignoreSetterCallsOnOtherObjects" value="false" />
    <option name="onlyReportPrivateSetter" value="false" />
  </inspection_tool>
  <inspection_tool class="CallToStringConcatCanBeReplacedByOperator" enabled="true" level="WARNING" enabled_by_default="true" />
  <inspection_tool class="CastConflictsWithInstanceof" enabled="true" level="WARNING" enabled_by_default="true" />
  <inspection_tool class="CastThatLosesPrecision" enabled="true" level="WARNING" enabled_by_default="true">
    <option name="ignoreIntegerCharCasts" value="false" />
  </inspection_tool>
  <inspection_tool class="CastToIncompatibleInterface" enabled="true" level="WARNING" enabled_by_default="true" />
  <inspection_tool class="ChainedEquality" enabled="true" level="WARNING" enabled_by_default="true" />
  <inspection_tool class="ChannelResource" enabled="true" level="WARNING" enabled_by_default="true">
    <option name="insideTryAllowed" value="false" />
  </inspection_tool>
  <inspection_tool class="CharUsedInArithmeticContext" enabled="true" level="WARNING" enabled_by_default="true" />
  <inspection_tool class="CheckNodeTest" enabled="false" level="WARNING" enabled_by_default="false" />
  <inspection_tool class="CheckedExceptionClass" enabled="true" level="WARNING" enabled_by_default="true" />
  <inspection_tool class="ClassComplexity" enabled="true" level="WARNING" enabled_by_default="true">
    <option name="m_limit" value="80" />
  </inspection_tool>
  <inspection_tool class="ClassCoupling" enabled="true" level="WARNING" enabled_by_default="true">
    <option name="m_includeJavaClasses" value="false" />
    <option name="m_includeLibraryClasses" value="false" />
    <option name="m_limit" value="15" />
  </inspection_tool>
  <inspection_tool class="ClassEscapesItsScope" enabled="true" level="WARNING" enabled_by_default="true" />
  <inspection_tool class="ClassInTopLevelPackage" enabled="true" level="WARNING" enabled_by_default="true" />
  <inspection_tool class="ClassIndependentOfModule" enabled="true" level="WARNING" enabled_by_default="true" />
  <inspection_tool class="ClassInheritanceDepth" enabled="true" level="WARNING" enabled_by_default="true">
    <option name="m_limit" value="2" />
  </inspection_tool>
  <inspection_tool class="ClassInitializer" enabled="true" level="WARNING" enabled_by_default="true" />
  <inspection_tool class="ClassLoaderInstantiation" enabled="true" level="WARNING" enabled_by_default="true" />
  <inspection_tool class="ClassMayBeInterface" enabled="true" level="WARNING" enabled_by_default="true" />
  <inspection_tool class="ClassNameDiffersFromFileName" enabled="true" level="WARNING" enabled_by_default="true" />
  <inspection_tool class="ClassNestingDepth" enabled="true" level="WARNING" enabled_by_default="true">
    <option name="m_limit" value="1" />
  </inspection_tool>
  <inspection_tool class="ClassNewInstance" enabled="true" level="WARNING" enabled_by_default="true" />
  <inspection_tool class="ClassOnlyUsedInOneModule" enabled="true" level="WARNING" enabled_by_default="true" />
  <inspection_tool class="ClassOnlyUsedInOnePackage" enabled="true" level="WARNING" enabled_by_default="true" />
  <inspection_tool class="ClassReferencesSubclass" enabled="true" level="WARNING" enabled_by_default="true" />
  <inspection_tool class="ClassUnconnectedToPackage" enabled="true" level="WARNING" enabled_by_default="true" />
  <inspection_tool class="ClassWithTooManyDependencies" enabled="true" level="WARNING" enabled_by_default="true">
    <option name="limit" value="10" />
  </inspection_tool>
  <inspection_tool class="ClassWithTooManyDependents" enabled="true" level="WARNING" enabled_by_default="true">
    <option name="limit" value="10" />
  </inspection_tool>
  <inspection_tool class="ClassWithTooManyTransitiveDependencies" enabled="true" level="WARNING" enabled_by_default="true">
    <option name="limit" value="35" />
  </inspection_tool>
  <inspection_tool class="ClassWithTooManyTransitiveDependents" enabled="true" level="WARNING" enabled_by_default="true">
    <option name="limit" value="35" />
  </inspection_tool>
  <inspection_tool class="CloneCallsConstructors" enabled="true" level="WARNING" enabled_by_default="true" />
  <inspection_tool class="CloneInNonCloneableClass" enabled="true" level="WARNING" enabled_by_default="true" />
  <inspection_tool class="CloneableClassInSecureContext" enabled="true" level="WARNING" enabled_by_default="true" />
  <inspection_tool class="CloneableImplementsClone" enabled="true" level="WARNING" enabled_by_default="true">
    <option name="m_ignoreCloneableDueToInheritance" value="false" />
  </inspection_tool>
  <inspection_tool class="CoffeeScriptInfiniteLoop" enabled="false" level="WARNING" enabled_by_default="false" />
  <inspection_tool class="CoffeeScriptSillyAssignment" enabled="false" level="WARNING" enabled_by_default="false" />
  <inspection_tool class="CoffeeScriptSwitchStatementWithNoDefaultBranch" enabled="false" level="WARNING" enabled_by_default="false" />
  <inspection_tool class="CoffeeScriptUnusedLocalSymbols" enabled="false" level="WARNING" enabled_by_default="false" />
  <inspection_tool class="CollectionContainsUrl" enabled="true" level="WARNING" enabled_by_default="true" />
  <inspection_tool class="CollectionsMustHaveInitialCapacity" enabled="true" level="WARNING" enabled_by_default="true" />
  <inspection_tool class="ComparableImplementedButEqualsNotOverridden" enabled="true" level="WARNING" enabled_by_default="true" />
  <inspection_tool class="ComparatorNotSerializable" enabled="true" level="WARNING" enabled_by_default="true" />
  <inspection_tool class="CompareToUsesNonFinalVariable" enabled="true" level="WARNING" enabled_by_default="true" />
  <inspection_tool class="ComparisonOfShortAndChar" enabled="true" level="WARNING" enabled_by_default="true" />
  <inspection_tool class="ComparisonToNaN" enabled="true" level="WARNING" enabled_by_default="true" />
  <inspection_tool class="ConditionalExpression" enabled="false" level="WARNING" enabled_by_default="false">
    <option name="ignoreSimpleAssignmentsAndReturns" value="true" />
  </inspection_tool>
  <inspection_tool class="ConditionalExpressionWithIdenticalBranches" enabled="true" level="WARNING" enabled_by_default="true" />
  <inspection_tool class="ConfusingElse" enabled="true" level="WARNING" enabled_by_default="true">
    <option name="reportWhenNoStatementFollow" value="false" />
  </inspection_tool>
  <inspection_tool class="ConfusingFloatingPointLiteral" enabled="true" level="WARNING" enabled_by_default="true" />
  <inspection_tool class="ConfusingOctalEscape" enabled="true" level="WARNING" enabled_by_default="true" />
  <inspection_tool class="ConstantAssertCondition" enabled="true" level="WARNING" enabled_by_default="true" />
  <inspection_tool class="ConstantDeclaredInAbstractClass" enabled="true" level="WARNING" enabled_by_default="true" />
  <inspection_tool class="ConstantDeclaredInInterface" enabled="true" level="WARNING" enabled_by_default="true" />
  <inspection_tool class="ConstantMathCall" enabled="true" level="WARNING" enabled_by_default="true" />
  <inspection_tool class="ConstantOnLHSOfComparison" enabled="true" level="WARNING" enabled_by_default="true" />
  <inspection_tool class="ConstantValueVariableUse" enabled="true" level="WARNING" enabled_by_default="true" />
  <inspection_tool class="ConstraintValidatorCreator" enabled="false" level="WARNING" enabled_by_default="false" />
  <inspection_tool class="ConstructorCount" enabled="true" level="WARNING" enabled_by_default="true">
    <option name="ignoreDeprecatedConstructors" value="false" />
    <option name="m_limit" value="5" />
  </inspection_tool>
  <inspection_tool class="ContextComponentScanInconsistencyInspection" enabled="false" level="ERROR" enabled_by_default="false" />
  <inspection_tool class="ContextJavaBeanUnresolvedMethodsInspection" enabled="false" level="WARNING" enabled_by_default="false" />
  <inspection_tool class="ContinueStatement" enabled="true" level="WARNING" enabled_by_default="true" />
  <inspection_tool class="ContinueStatementWithLabel" enabled="true" level="WARNING" enabled_by_default="true" />
  <inspection_tool class="ControlFlowStatementWithoutBraces" enabled="true" level="WARNING" enabled_by_default="true" />
  <inspection_tool class="Convert to string" enabled="true" level="INFO" enabled_by_default="true" />
  <inspection_tool class="CovariantCompareTo" enabled="true" level="WARNING" enabled_by_default="true" />
  <inspection_tool class="CovariantEquals" enabled="true" level="WARNING" enabled_by_default="true" />
  <inspection_tool class="CssInvalidElementInspection" enabled="false" level="ERROR" enabled_by_default="false" />
  <inspection_tool class="CssInvalidHtmlTagReferenceInspection" enabled="false" level="WARNING" enabled_by_default="false" />
  <inspection_tool class="CssInvalidImportInspection" enabled="false" level="WARNING" enabled_by_default="false" />
  <inspection_tool class="CssInvalidShorthandPropertyValue" enabled="false" level="ERROR" enabled_by_default="false" />
  <inspection_tool class="CssNegativeValueInspection" enabled="false" level="ERROR" enabled_by_default="false" />
  <inspection_tool class="CssNoGenericFontName" enabled="false" level="WARNING" enabled_by_default="false" />
  <inspection_tool class="CssOptimizeSimilarPropertiesInspection" enabled="false" level="WEAK WARNING" enabled_by_default="false" />
  <inspection_tool class="CssOverwrittenProperties" enabled="false" level="WARNING" enabled_by_default="false" />
  <inspection_tool class="CssRgbFunctionInspection" enabled="false" level="ERROR" enabled_by_default="false" />
  <inspection_tool class="CssUnitlessNumber" enabled="false" level="WARNING" enabled_by_default="false" />
  <inspection_tool class="CssUnknownProperty" enabled="false" level="WARNING" enabled_by_default="false">
    <option name="myCustomPropertiesEnabled" value="false" />
    <option name="myIgnoreVendorSpecificProperties" value="false" />
    <option name="myCustomPropertiesList">
      <value>
        <list size="0" />
      </value>
    </option>
  </inspection_tool>
  <inspection_tool class="CssUnknownTargetInspection" enabled="false" level="WARNING" enabled_by_default="false" />
  <inspection_tool class="CssUnusedSymbolInspection" enabled="false" level="WARNING" enabled_by_default="false" />
  <inspection_tool class="CucumberExamplesColon" enabled="false" level="ERROR" enabled_by_default="false" />
  <inspection_tool class="CucumberMissedExamples" enabled="false" level="ERROR" enabled_by_default="false" />
  <inspection_tool class="CucumberTableInspection" enabled="false" level="WARNING" enabled_by_default="false" />
  <inspection_tool class="CucumberUndefinedStep" enabled="false" level="WARNING" enabled_by_default="false" />
  <inspection_tool class="CustomClassloader" enabled="true" level="WARNING" enabled_by_default="true" />
  <inspection_tool class="CustomSecurityManager" enabled="true" level="WARNING" enabled_by_default="true" />
  <inspection_tool class="CyclicClassDependency" enabled="true" level="WARNING" enabled_by_default="true" />
  <inspection_tool class="CyclicPackageDependency" enabled="true" level="WARNING" enabled_by_default="true" />
  <inspection_tool class="CyclomaticComplexity" enabled="true" level="WARNING" enabled_by_default="true">
    <option name="m_limit" value="10" />
  </inspection_tool>
  <inspection_tool class="DeclareCollectionAsInterface" enabled="true" level="WARNING" enabled_by_default="true">
    <option name="ignoreLocalVariables" value="false" />
    <option name="ignorePrivateMethodsAndFields" value="false" />
  </inspection_tool>
  <inspection_tool class="DefaultNotLastCaseInSwitch" enabled="true" level="WARNING" enabled_by_default="true" />
  <inspection_tool class="DeserializableClassInSecureContext" enabled="true" level="WARNING" enabled_by_default="true" />
  <inspection_tool class="DisjointPackage" enabled="true" level="WARNING" enabled_by_default="true" />
  <inspection_tool class="DivideByZero" enabled="true" level="WARNING" enabled_by_default="true" />
  <inspection_tool class="DoubleLiteralMayBeFloatLiteral" enabled="true" level="WARNING" enabled_by_default="true" />
  <inspection_tool class="DriverManagerGetConnection" enabled="true" level="WARNING" enabled_by_default="true" />
  <inspection_tool class="DuplicateBooleanBranch" enabled="true" level="WARNING" enabled_by_default="true" />
  <inspection_tool class="DuplicateCondition" enabled="true" level="WARNING" enabled_by_default="true">
    <option name="ignoreMethodCalls" value="false" />
  </inspection_tool>
  <inspection_tool class="DuplicatedBeanNamesInspection" enabled="false" level="ERROR" enabled_by_default="false" />
  <inspection_tool class="DynamicRegexReplaceableByCompiledPattern" enabled="true" level="WARNING" enabled_by_default="true" />
  <inspection_tool class="ElementOnlyUsedFromTestCode" enabled="true" level="WARNING" enabled_by_default="true" />
  <inspection_tool class="EmptyClass" enabled="true" level="WARNING" enabled_by_default="true">
    <option name="ignorableAnnotations">
      <value />
    </option>
    <option name="ignoreClassWithParameterization" value="false" />
    <option name="ignoreThrowables" value="true" />
  </inspection_tool>
  <inspection_tool class="EmptyDirectory" enabled="true" level="WARNING" enabled_by_default="true" />
  <inspection_tool class="EmptyInitializer" enabled="true" level="WARNING" enabled_by_default="true" />
  <inspection_tool class="EmptyWebServiceClass" enabled="false" level="WARNING" enabled_by_default="false" />
  <inspection_tool class="EnumSwitchStatementWhichMissesCases" enabled="true" level="WARNING" enabled_by_default="true">
    <option name="ignoreSwitchStatementsWithDefault" value="false" />
  </inspection_tool>
  <inspection_tool class="EqualsAndHashcode" enabled="true" level="WARNING" enabled_by_default="true" />
  <inspection_tool class="EqualsCalledOnEnumConstant" enabled="true" level="WARNING" enabled_by_default="true" />
  <inspection_tool class="EqualsHashCodeCalledOnUrl" enabled="true" level="WARNING" enabled_by_default="true" />
  <inspection_tool class="EqualsUsesNonFinalVariable" enabled="true" level="WARNING" enabled_by_default="true" />
  <inspection_tool class="ErrorRethrown" enabled="true" level="WARNING" enabled_by_default="true" />
  <inspection_tool class="ExceptionFromCatchWhichDoesntWrap" enabled="true" level="WARNING" enabled_by_default="true">
    <option name="ignoreGetMessage" value="false" />
    <option name="ignoreCantWrap" value="false" />
  </inspection_tool>
  <inspection_tool class="ExtendsConcreteCollection" enabled="true" level="WARNING" enabled_by_default="true" />
  <inspection_tool class="ExtendsUtilityClass" enabled="true" level="WARNING" enabled_by_default="true" />
  <inspection_tool class="ExternalizableWithSerializationMethods" enabled="true" level="WARNING" enabled_by_default="true" />
  <inspection_tool class="FallthruInSwitchStatement" enabled="true" level="WARNING" enabled_by_default="true" />
  <inspection_tool class="FieldAccessNotGuarded" enabled="true" level="WARNING" enabled_by_default="true" />
  <inspection_tool class="FieldHidesSuperclassField" enabled="true" level="WARNING" enabled_by_default="true">
    <option name="m_ignoreInvisibleFields" value="true" />
  </inspection_tool>
  <inspection_tool class="FieldMayBeFinal" enabled="true" level="WARNING" enabled_by_default="true" />
  <inspection_tool class="FieldMayBeStatic" enabled="true" level="WARNING" enabled_by_default="true" />
  <inspection_tool class="FinalMethodInFinalClass" enabled="true" level="WARNING" enabled_by_default="true" />
  <inspection_tool class="Finalize" enabled="true" level="WARNING" enabled_by_default="true">
    <option name="ignoreTrivialFinalizers" value="true" />
  </inspection_tool>
  <inspection_tool class="FinalizeNotProtected" enabled="true" level="WARNING" enabled_by_default="true" />
  <inspection_tool class="Fix shebang" enabled="true" level="WARNING" enabled_by_default="true">/bin/sh#/bin/bash</inspection_tool>
  <inspection_tool class="FloatingPointEquality" enabled="true" level="WARNING" enabled_by_default="true" />
  <inspection_tool class="FlowRequiredBeanTypeInspection" enabled="false" level="ERROR" enabled_by_default="false" />
  <inspection_tool class="ForCanBeForeach" enabled="true" level="WARNING" enabled_by_default="true">
    <option name="REPORT_INDEXED_LOOP" value="false" />
    <option name="ignoreUntypedCollections" value="false" />
  </inspection_tool>
  <inspection_tool class="ForLoopReplaceableByWhile" enabled="true" level="WARNING" enabled_by_default="true">
    <option name="m_ignoreLoopsWithoutConditions" value="false" />
  </inspection_tool>
  <inspection_tool class="ForLoopThatDoesntUseLoopVariable" enabled="true" level="WARNING" enabled_by_default="true" />
  <inspection_tool class="ForLoopWithMissingComponent" enabled="true" level="WARNING" enabled_by_default="true">
    <option name="ignoreCollectionLoops" value="false" />
  </inspection_tool>
  <inspection_tool class="HardcodedLineSeparators" enabled="true" level="WARNING" enabled_by_default="true" />
  <inspection_tool class="HardwiredNamespacePrefix" enabled="false" level="WARNING" enabled_by_default="false" />
  <inspection_tool class="HashCodeUsesNonFinalVariable" enabled="true" level="WARNING" enabled_by_default="true" />
  <inspection_tool class="HibernateResource" enabled="true" level="WARNING" enabled_by_default="true">
    <option name="insideTryAllowed" value="false" />
  </inspection_tool>
  <inspection_tool class="HtmlFormInputWithoutLabel" enabled="false" level="WARNING" enabled_by_default="false" />
  <inspection_tool class="HtmlUnknownAttribute" enabled="true" level="WARNING" enabled_by_default="true">
    <option name="myValues">
      <value>
        <list size="49">
          <item index="0" class="java.lang.String" itemvalue="block-type" />
          <item index="1" class="java.lang.String" itemvalue="day-index" />
          <item index="2" class="java.lang.String" itemvalue="block-index" />
          <item index="3" class="java.lang.String" itemvalue="tooltip" />
          <item index="4" class="java.lang.String" itemvalue="tooltip-placement" />
          <item index="5" class="java.lang.String" itemvalue="show-side-nav" />
          <item index="6" class="java.lang.String" itemvalue="apply-timepicker-opening" />
          <item index="7" class="java.lang.String" itemvalue="holiday-index" />
          <item index="8" class="java.lang.String" itemvalue="apply-timepicker-holiday" />
          <item index="9" class="java.lang.String" itemvalue="dropdown-toggle" />
          <item index="10" class="java.lang.String" itemvalue="location-aware" />
          <item index="11" class="java.lang.String" itemvalue="ep-identifier" />
          <item index="12" class="java.lang.String" itemvalue="context-onclick" />
          <item index="13" class="java.lang.String" itemvalue="context-type" />
          <item index="14" class="java.lang.String" itemvalue="context-source" />
          <item index="15" class="java.lang.String" itemvalue="animate-number" />
          <item index="16" class="java.lang.String" itemvalue="ep-feed-tag-box" />
          <item index="17" class="java.lang.String" itemvalue="ep-feed-user" />
          <item index="18" class="java.lang.String" itemvalue="ep-save-user" />
          <item index="19" class="java.lang.String" itemvalue="ep-user-permission" />
          <item index="20" class="java.lang.String" itemvalue="ep-username-placeholder" />
          <item index="21" class="java.lang.String" itemvalue="ep-max-user" />
          <item index="22" class="java.lang.String" itemvalue="ep-max-tags" />
          <item index="23" class="java.lang.String" itemvalue="ep-user-icon" />
          <item index="24" class="java.lang.String" itemvalue="ep-authenticate" />
          <item index="25" class="java.lang.String" itemvalue="ep-deauthenticate" />
          <item index="26" class="java.lang.String" itemvalue="ep-authenticated" />
          <item index="27" class="java.lang.String" itemvalue="ep-show-authenticate" />
          <item index="28" class="java.lang.String" itemvalue="ep-activate" />
          <item index="29" class="java.lang.String" itemvalue="ep-deactivate" />
          <item index="30" class="java.lang.String" itemvalue="ep-show-activate" />
          <item index="31" class="java.lang.String" itemvalue="ep-show-deactivate" />
          <item index="32" class="java.lang.String" itemvalue="ep-tags" />
          <item index="33" class="java.lang.String" itemvalue="ep-save-tags" />
          <item index="34" class="java.lang.String" itemvalue="ep-remove-tag" />
          <item index="35" class="java.lang.String" itemvalue="ep-tag-prefix" />
          <item index="36" class="java.lang.String" itemvalue="social-icon" />
          <item index="37" class="java.lang.String" itemvalue="date-range" />
          <item index="38" class="java.lang.String" itemvalue="active" />
          <item index="39" class="java.lang.String" itemvalue="black" />
          <item index="40" class="java.lang.String" itemvalue="white" />
          <item index="41" class="java.lang.String" itemvalue="nvd3-multi-bar-chart" />
          <item index="42" class="java.lang.String" itemvalue="animate-duration" />
          <item index="43" class="java.lang.String" itemvalue="max-date" />
          <item index="44" class="java.lang.String" itemvalue="min-date" />
          <item index="45" class="java.lang.String" itemvalue="ep-primary-navigation" />
          <item index="46" class="java.lang.String" itemvalue="ep-alerts" />
          <item index="47" class="java.lang.String" itemvalue="instagram-username" />
          <item index="48" class="java.lang.String" itemvalue="ep-account-search" />
        </list>
      </value>
    </option>
    <option name="myCustomValuesEnabled" value="true" />
  </inspection_tool>
  <inspection_tool class="HtmlUnknownTag" enabled="true" level="WARNING" enabled_by_default="true">
    <option name="myValues">
      <value>
        <list size="9">
          <item index="0" class="java.lang.String" itemvalue="nobr" />
          <item index="1" class="java.lang.String" itemvalue="noembed" />
          <item index="2" class="java.lang.String" itemvalue="comment" />
          <item index="3" class="java.lang.String" itemvalue="noscript" />
          <item index="4" class="java.lang.String" itemvalue="embed" />
          <item index="5" class="java.lang.String" itemvalue="script" />
          <item index="6" class="java.lang.String" itemvalue="br" />
          <item index="7" class="java.lang.String" itemvalue="nvd3-pie-chart" />
          <item index="8" class="java.lang.String" itemvalue="svg" />
        </list>
      </value>
    </option>
    <option name="myCustomValuesEnabled" value="true" />
  </inspection_tool>
  <inspection_tool class="HtmlUnknownTarget" enabled="false" level="WARNING" enabled_by_default="false" />
  <inspection_tool class="IOResource" enabled="true" level="WARNING" enabled_by_default="true">
    <option name="ignoredTypesString" value="java.io.ByteArrayOutputStream,java.io.ByteArrayInputStream,java.io.StringBufferInputStream,java.io.CharArrayWriter,java.io.CharArrayReader,java.io.StringWriter,java.io.StringReader" />
    <option name="insideTryAllowed" value="false" />
  </inspection_tool>
  <inspection_tool class="IfMayBeConditional" enabled="true" level="WARNING" enabled_by_default="true" />
  <inspection_tool class="IfStatementWithIdenticalBranches" enabled="true" level="WARNING" enabled_by_default="true" />
  <inspection_tool class="IfStatementWithTooManyBranches" enabled="true" level="WARNING" enabled_by_default="true">
    <option name="m_limit" value="3" />
  </inspection_tool>
  <inspection_tool class="ImplicitCallToSuper" enabled="false" level="WARNING" enabled_by_default="false">
    <option name="m_ignoreForObjectSubclasses" value="true" />
  </inspection_tool>
  <inspection_tool class="ImplicitNumericConversion" enabled="true" level="WARNING" enabled_by_default="true">
    <option name="ignoreWideningConversions" value="false" />
    <option name="ignoreCharConversions" value="false" />
    <option name="ignoreConstantConversions" value="false" />
  </inspection_tool>
  <inspection_tool class="ImplicitTypeConversion" enabled="false" level="WARNING" enabled_by_default="false">
    <option name="BITS" value="1720" />
    <option name="FLAG_EXPLICIT_CONVERSION" value="true" />
    <option name="IGNORE_NODESET_TO_BOOLEAN_VIA_STRING" value="true" />
  </inspection_tool>
  <inspection_tool class="ImplicitlyExposedWebServiceMethods" enabled="false" level="WEAK WARNING" enabled_by_default="false" />
  <inspection_tool class="InconsistentLanguageLevel" enabled="true" level="WARNING" enabled_by_default="true" />
  <inspection_tool class="IncrementDecrementUsedAsExpression" enabled="true" level="WARNING" enabled_by_default="true" />
  <inspection_tool class="IndexZeroUsage" enabled="false" level="WARNING" enabled_by_default="false" />
  <inspection_tool class="InjectionValueTypeInspection" enabled="false" level="ERROR" enabled_by_default="false" />
  <inspection_tool class="InnerClassMayBeStatic" enabled="true" level="WARNING" enabled_by_default="true" />
  <inspection_tool class="InnerClassOnInterface" enabled="true" level="WARNING" enabled_by_default="true">
    <option name="m_ignoreInnerInterfaces" value="false" />
  </inspection_tool>
  <inspection_tool class="InnerClassVariableHidesOuterClassVariable" enabled="true" level="WARNING" enabled_by_default="true">
    <option name="m_ignoreInvisibleFields" value="true" />
  </inspection_tool>
  <inspection_tool class="InstanceGuardedByStatic" enabled="true" level="WARNING" enabled_by_default="true" />
  <inspection_tool class="InstanceVariableUninitializedUse" enabled="true" level="WARNING" enabled_by_default="true">
    <option name="m_ignorePrimitives" value="false" />
    <option name="annotationNamesString" value="" />
  </inspection_tool>
  <inspection_tool class="InstanceofCatchParameter" enabled="true" level="WARNING" enabled_by_default="true" />
  <inspection_tool class="InstanceofChain" enabled="true" level="WARNING" enabled_by_default="true">
    <option name="ignoreInstanceofOnLibraryClasses" value="false" />
  </inspection_tool>
  <inspection_tool class="InstanceofIncompatibleInterface" enabled="true" level="WARNING" enabled_by_default="true" />
  <inspection_tool class="InstanceofInterfaces" enabled="true" level="WARNING" enabled_by_default="true" />
  <inspection_tool class="InstanceofThis" enabled="true" level="WARNING" enabled_by_default="true" />
  <inspection_tool class="InstantiationOfUtilityClass" enabled="true" level="WARNING" enabled_by_default="true" />
  <inspection_tool class="IntLiteralMayBeLongLiteral" enabled="true" level="WARNING" enabled_by_default="true" />
  <inspection_tool class="IntegerDivisionInFloatingPointContext" enabled="true" level="WARNING" enabled_by_default="true" />
  <inspection_tool class="IntegerMultiplicationImplicitCastToLong" enabled="true" level="WARNING" enabled_by_default="true">
    <option name="ignoreNonOverflowingCompileTimeConstants" value="true" />
  </inspection_tool>
  <inspection_tool class="InterfaceNeverImplemented" enabled="true" level="WARNING" enabled_by_default="true">
    <option name="ignoreInterfacesThatOnlyDeclareConstants" value="false" />
  </inspection_tool>
  <inspection_tool class="IteratorHasNextCallsIteratorNext" enabled="true" level="WARNING" enabled_by_default="true" />
  <inspection_tool class="IteratorNextDoesNotThrowNoSuchElementException" enabled="true" level="WARNING" enabled_by_default="true" />
  <inspection_tool class="JDBCExecuteWithNonConstantString" enabled="true" level="WARNING" enabled_by_default="true" />
  <inspection_tool class="JDBCPrepareStatementWithNonConstantString" enabled="true" level="WARNING" enabled_by_default="true" />
  <inspection_tool class="JDBCResource" enabled="true" level="WARNING" enabled_by_default="true">
    <option name="insideTryAllowed" value="false" />
  </inspection_tool>
  <inspection_tool class="JNDIResource" enabled="true" level="WARNING" enabled_by_default="true">
    <option name="insideTryAllowed" value="false" />
  </inspection_tool>
  <inspection_tool class="JSUnresolvedFunction" enabled="false" level="WEAK WARNING" enabled_by_default="false" />
  <inspection_tool class="JSUnresolvedVariable" enabled="false" level="WEAK WARNING" enabled_by_default="false" />
  <inspection_tool class="JavaDoc" enabled="false" level="WARNING" enabled_by_default="false">
    <option name="TOP_LEVEL_CLASS_OPTIONS">
      <value>
        <option name="ACCESS_JAVADOC_REQUIRED_FOR" value="none" />
        <option name="REQUIRED_TAGS" value="" />
      </value>
    </option>
    <option name="INNER_CLASS_OPTIONS">
      <value>
        <option name="ACCESS_JAVADOC_REQUIRED_FOR" value="none" />
        <option name="REQUIRED_TAGS" value="" />
      </value>
    </option>
    <option name="METHOD_OPTIONS">
      <value>
        <option name="ACCESS_JAVADOC_REQUIRED_FOR" value="none" />
        <option name="REQUIRED_TAGS" value="@return@param@throws or @exception" />
      </value>
    </option>
    <option name="FIELD_OPTIONS">
      <value>
        <option name="ACCESS_JAVADOC_REQUIRED_FOR" value="none" />
        <option name="REQUIRED_TAGS" value="" />
      </value>
    </option>
    <option name="IGNORE_DEPRECATED" value="false" />
    <option name="IGNORE_JAVADOC_PERIOD" value="true" />
    <option name="IGNORE_DUPLICATED_THROWS" value="false" />
    <option name="IGNORE_POINT_TO_ITSELF" value="false" />
    <option name="myAdditionalJavadocTags" value="" />
  </inspection_tool>
  <inspection_tool class="JavaLangReflect" enabled="true" level="WARNING" enabled_by_default="true" />
  <inspection_tool class="JdkProxiedBeanTypeInspection" enabled="false" level="ERROR" enabled_by_default="false" />
  <inspection_tool class="JscsInspection" enabled="false" level="ERROR" enabled_by_default="false" />
  <inspection_tool class="KeySetIterationMayUseEntrySet" enabled="true" level="WARNING" enabled_by_default="true" />
  <inspection_tool class="LabeledStatement" enabled="true" level="WARNING" enabled_by_default="true" />
  <inspection_tool class="LengthOneStringInIndexOf" enabled="true" level="WARNING" enabled_by_default="true" />
  <inspection_tool class="LengthOneStringsInConcatenation" enabled="true" level="WARNING" enabled_by_default="true" />
  <inspection_tool class="LimitedScopeInnerClass" enabled="true" level="WARNING" enabled_by_default="true" />
  <inspection_tool class="ListIndexOfReplaceableByContains" enabled="true" level="WARNING" enabled_by_default="true" />
  <inspection_tool class="ListenerMayUseAdapter" enabled="true" level="WARNING" enabled_by_default="true">
    <option name="checkForEmptyMethods" value="true" />
  </inspection_tool>
  <inspection_tool class="LiteralAsArgToStringEquals" enabled="true" level="WARNING" enabled_by_default="true" />
  <inspection_tool class="LoadLibraryWithNonConstantString" enabled="true" level="WARNING" enabled_by_default="true" />
  <inspection_tool class="LocalCanBeFinal" enabled="true" level="WARNING" enabled_by_default="true">
    <option name="REPORT_VARIABLES" value="true" />
    <option name="REPORT_PARAMETERS" value="true" />
  </inspection_tool>
  <inspection_tool class="LocalVariableHidingMemberVariable" enabled="true" level="WARNING" enabled_by_default="true">
    <option name="m_ignoreInvisibleFields" value="true" />
    <option name="m_ignoreStaticMethods" value="true" />
  </inspection_tool>
  <inspection_tool class="LongLiteralsEndingWithLowercaseL" enabled="true" level="WARNING" enabled_by_default="true" />
  <inspection_tool class="LoopConditionNotUpdatedInsideLoop" enabled="true" level="WARNING" enabled_by_default="true">
    <option name="ignoreIterators" value="false" />
  </inspection_tool>
  <inspection_tool class="LoopWithImplicitTerminationCondition" enabled="true" level="WARNING" enabled_by_default="true" />
  <inspection_tool class="MVCPathVariableInspection" enabled="false" level="WARNING" enabled_by_default="false" />
  <inspection_tool class="MagicNumber" enabled="true" level="WARNING" enabled_by_default="true" />
  <inspection_tool class="MapReplaceableByEnumMap" enabled="true" level="WARNING" enabled_by_default="true" />
  <inspection_tool class="MarkerInterface" enabled="true" level="WARNING" enabled_by_default="true" />
  <inspection_tool class="MethodCount" enabled="true" level="WARNING" enabled_by_default="true">
    <option name="m_limit" value="20" />
    <option name="ignoreGettersAndSetters" value="false" />
    <option name="ignoreOverridingMethods" value="false" />
  </inspection_tool>
  <inspection_tool class="MethodCoupling" enabled="true" level="WARNING" enabled_by_default="true">
    <option name="m_includeJavaClasses" value="false" />
    <option name="m_includeLibraryClasses" value="false" />
    <option name="m_limit" value="10" />
  </inspection_tool>
  <inspection_tool class="MethodMayBeStatic" enabled="true" level="WARNING" enabled_by_default="true">
    <option name="m_onlyPrivateOrFinal" value="false" />
    <option name="m_ignoreEmptyMethods" value="true" />
  </inspection_tool>
  <inspection_tool class="MethodOnlyUsedFromInnerClass" enabled="true" level="WARNING" enabled_by_default="true">
    <option name="ignoreMethodsAccessedFromAnonymousClass" value="false" />
    <option name="ignoreStaticMethodsFromNonStaticInnerClass" value="false" />
    <option name="onlyReportStaticMethods" value="false" />
  </inspection_tool>
  <inspection_tool class="MethodOverloadsParentMethod" enabled="true" level="WARNING" enabled_by_default="true" />
  <inspection_tool class="MethodOverridesPackageLocalMethod" enabled="true" level="WARNING" enabled_by_default="true" />
  <inspection_tool class="MethodOverridesPrivateMethod" enabled="true" level="WARNING" enabled_by_default="true" />
  <inspection_tool class="MethodOverridesStaticMethod" enabled="true" level="WARNING" enabled_by_default="true" />
  <inspection_tool class="MethodReturnAlwaysConstant" enabled="true" level="WARNING" enabled_by_default="true" />
  <inspection_tool class="MethodWithMultipleLoops" enabled="true" level="WARNING" enabled_by_default="true" />
  <inspection_tool class="MinMaxValuesInspection" enabled="false" level="WARNING" enabled_by_default="false" />
  <inspection_tool class="MissingDeprecatedAnnotation" enabled="true" level="WARNING" enabled_by_default="true" />
  <inspection_tool class="MissingOverrideAnnotation" enabled="true" level="WARNING" enabled_by_default="true">
    <option name="ignoreObjectMethods" value="true" />
    <option name="ignoreAnonymousClassMethods" value="false" />
  </inspection_tool>
  <inspection_tool class="MissortedModifiers" enabled="true" level="WARNING" enabled_by_default="true">
    <option name="m_requireAnnotationsFirst" value="true" />
  </inspection_tool>
  <inspection_tool class="MisspelledCompareTo" enabled="true" level="WARNING" enabled_by_default="true" />
  <inspection_tool class="MisspelledEquals" enabled="true" level="WARNING" enabled_by_default="true" />
  <inspection_tool class="MisspelledHashcode" enabled="true" level="WARNING" enabled_by_default="true" />
  <inspection_tool class="MisspelledToString" enabled="true" level="WARNING" enabled_by_default="true" />
  <inspection_tool class="ModuleWithTooFewClasses" enabled="true" level="WARNING" enabled_by_default="true">
    <option name="limit" value="10" />
  </inspection_tool>
  <inspection_tool class="ModuleWithTooManyClasses" enabled="true" level="WARNING" enabled_by_default="true">
    <option name="limit" value="100" />
  </inspection_tool>
  <inspection_tool class="MultipleDeclaration" enabled="true" level="WARNING" enabled_by_default="true">
    <option name="ignoreForLoopDeclarations" value="true" />
  </inspection_tool>
  <inspection_tool class="MultipleMethodDesignatorsInspection" enabled="false" level="WARNING" enabled_by_default="false" />
  <inspection_tool class="MultipleReturnPointsPerMethod" enabled="true" level="WARNING" enabled_by_default="true">
    <option name="ignoreGuardClauses" value="false" />
    <option name="ignoreEqualsMethod" value="false" />
    <option name="m_limit" value="4" />
  </inspection_tool>
  <inspection_tool class="MultipleTopLevelClassesInFile" enabled="true" level="WARNING" enabled_by_default="true" />
  <inspection_tool class="MultipleTypedDeclaration" enabled="true" level="WARNING" enabled_by_default="true" />
  <inspection_tool class="NativeMethods" enabled="true" level="WARNING" enabled_by_default="true" />
  <inspection_tool class="NegatedConditional" enabled="true" level="WARNING" enabled_by_default="true">
    <option name="m_ignoreNegatedNullComparison" value="true" />
  </inspection_tool>
  <inspection_tool class="NegatedEqualityExpression" enabled="true" level="WARNING" enabled_by_default="true" />
  <inspection_tool class="NegatedIfElse" enabled="true" level="WARNING" enabled_by_default="true">
    <option name="m_ignoreNegatedNullComparison" value="true" />
    <option name="m_ignoreNegatedZeroComparison" value="false" />
  </inspection_tool>
  <inspection_tool class="NestedAssignment" enabled="true" level="WARNING" enabled_by_default="true" />
  <inspection_tool class="NestedAssignmentJS" enabled="true" level="WARNING" enabled_by_default="true" />
  <inspection_tool class="NestedConditionalExpression" enabled="true" level="WARNING" enabled_by_default="true" />
  <inspection_tool class="NestedSwitchStatement" enabled="true" level="WARNING" enabled_by_default="true" />
  <inspection_tool class="NestedTryStatement" enabled="true" level="WARNING" enabled_by_default="true" />
  <inspection_tool class="NestingDepth" enabled="true" level="WARNING" enabled_by_default="true">
    <option name="m_limit" value="5" />
  </inspection_tool>
  <inspection_tool class="NewExceptionWithoutArguments" enabled="true" level="WARNING" enabled_by_default="true" />
  <inspection_tool class="NonCommentSourceStatements" enabled="true" level="WARNING" enabled_by_default="true">
    <option name="m_limit" value="30" />
  </inspection_tool>
  <inspection_tool class="NonFinalClone" enabled="true" level="WARNING" enabled_by_default="true" />
  <inspection_tool class="NonFinalFieldInEnum" enabled="true" level="WARNING" enabled_by_default="true" />
  <inspection_tool class="NonFinalFieldInImmutable" enabled="true" level="WARNING" enabled_by_default="true" />
  <inspection_tool class="NonFinalFieldOfException" enabled="true" level="WARNING" enabled_by_default="true" />
  <inspection_tool class="NonFinalGuard" enabled="true" level="WARNING" enabled_by_default="true" />
  <inspection_tool class="NonFinalStaticVariableUsedInClassInitialization" enabled="true" level="WARNING" enabled_by_default="true" />
  <inspection_tool class="NonFinalUtilityClass" enabled="true" level="WARNING" enabled_by_default="true" />
  <inspection_tool class="NonJaxWsWebServices" enabled="false" level="WARNING" enabled_by_default="false" />
  <inspection_tool class="NonProtectedConstructorInAbstractClass" enabled="true" level="WARNING" enabled_by_default="true">
    <option name="m_ignoreNonPublicClasses" value="false" />
  </inspection_tool>
  <inspection_tool class="NonReproducibleMathCall" enabled="true" level="WARNING" enabled_by_default="true" />
  <inspection_tool class="NonSerializableFieldInSerializableClass" enabled="true" level="WARNING" enabled_by_default="true">
    <option name="ignorableAnnotations">
      <value />
    </option>
    <option name="ignoreAnonymousInnerClasses" value="false" />
    <option name="superClassString" value="" />
  </inspection_tool>
  <inspection_tool class="NonSerializableObjectBoundToHttpSession" enabled="true" level="WARNING" enabled_by_default="true" />
  <inspection_tool class="NonSerializableObjectPassedToObjectStream" enabled="true" level="WARNING" enabled_by_default="true" />
  <inspection_tool class="NonSerializableWithSerialVersionUIDField" enabled="true" level="WARNING" enabled_by_default="true" />
  <inspection_tool class="NonSerializableWithSerializationMethods" enabled="true" level="WARNING" enabled_by_default="true" />
  <inspection_tool class="NonShortCircuitBoolean" enabled="true" level="WARNING" enabled_by_default="true" />
  <inspection_tool class="NonThreadSafeLazyInitialization" enabled="true" level="WARNING" enabled_by_default="true" />
  <inspection_tool class="NoopMethodInAbstractClass" enabled="true" level="WARNING" enabled_by_default="true" />
  <inspection_tool class="NullThrown" enabled="true" level="WARNING" enabled_by_default="true" />
  <inspection_tool class="ObjectEquality" enabled="true" level="WARNING" enabled_by_default="true">
    <option name="m_ignoreEnums" value="true" />
    <option name="m_ignoreClassObjects" value="false" />
    <option name="m_ignorePrivateConstructors" value="false" />
  </inspection_tool>
  <inspection_tool class="ObjectToString" enabled="true" level="WARNING" enabled_by_default="true" />
  <inspection_tool class="ObsoleteCollection" enabled="true" level="WARNING" enabled_by_default="true">
    <option name="ignoreRequiredObsoleteCollectionTypes" value="false" />
  </inspection_tool>
  <inspection_tool class="OctalAndDecimalIntegersMixed" enabled="true" level="WARNING" enabled_by_default="true" />
  <inspection_tool class="OneWayWebMethod" enabled="false" level="ERROR" enabled_by_default="false" />
  <inspection_tool class="OverlyComplexArithmeticExpression" enabled="true" level="WARNING" enabled_by_default="true">
    <option name="m_limit" value="6" />
  </inspection_tool>
  <inspection_tool class="OverlyComplexBooleanExpression" enabled="true" level="WARNING" enabled_by_default="true">
    <option name="m_limit" value="3" />
    <option name="m_ignorePureConjunctionsDisjunctions" value="true" />
  </inspection_tool>
  <inspection_tool class="OverlyStrongTypeCast" enabled="true" level="WARNING" enabled_by_default="true">
    <option name="ignoreInMatchingInstanceof" value="false" />
  </inspection_tool>
  <inspection_tool class="OverridableMethodCallDuringObjectConstruction" enabled="true" level="WARNING" enabled_by_default="true" />
  <inspection_tool class="OverriddenMethodCallDuringObjectConstruction" enabled="true" level="WARNING" enabled_by_default="true" />
  <inspection_tool class="PackageInMultipleModules" enabled="true" level="WARNING" enabled_by_default="true" />
  <inspection_tool class="PackageVisibleField" enabled="true" level="WARNING" enabled_by_default="true" />
  <inspection_tool class="PackageVisibleInnerClass" enabled="true" level="WARNING" enabled_by_default="true">
    <option name="ignoreEnums" value="false" />
    <option name="ignoreInterfaces" value="false" />
  </inspection_tool>
  <inspection_tool class="PackageWithTooFewClasses" enabled="true" level="WARNING" enabled_by_default="true">
    <option name="limit" value="3" />
  </inspection_tool>
  <inspection_tool class="PackageWithTooManyClasses" enabled="true" level="WARNING" enabled_by_default="true">
    <option name="limit" value="10" />
  </inspection_tool>
  <inspection_tool class="ParameterHidingMemberVariable" enabled="true" level="WARNING" enabled_by_default="true">
    <option name="m_ignoreInvisibleFields" value="true" />
    <option name="m_ignoreStaticMethodParametersHidingInstanceFields" value="false" />
    <option name="m_ignoreForConstructors" value="true" />
    <option name="m_ignoreForPropertySetters" value="true" />
    <option name="m_ignoreForAbstractMethods" value="false" />
  </inspection_tool>
  <inspection_tool class="ParametersPerConstructor" enabled="true" level="WARNING" enabled_by_default="true" />
  <inspection_tool class="ParametersPerMethod" enabled="true" level="WARNING" enabled_by_default="true">
    <option name="m_limit" value="5" />
  </inspection_tool>
  <inspection_tool class="PathAnnotation" enabled="false" level="WARNING" enabled_by_default="false" />
  <inspection_tool class="PhpIncludeInspection" enabled="false" level="WARNING" enabled_by_default="false" />
  <inspection_tool class="PointlessIndexOfComparison" enabled="true" level="WARNING" enabled_by_default="true" />
  <inspection_tool class="PointlessNullCheck" enabled="true" level="WARNING" enabled_by_default="true" />
  <inspection_tool class="ProtectedInnerClass" enabled="true" level="WARNING" enabled_by_default="true">
    <option name="ignoreEnums" value="false" />
    <option name="ignoreInterfaces" value="false" />
  </inspection_tool>
  <inspection_tool class="ProtectedMemberInFinalClass" enabled="true" level="WARNING" enabled_by_default="true" />
  <inspection_tool class="PublicConstructorInNonPublicClass" enabled="true" level="WARNING" enabled_by_default="true" />
  <inspection_tool class="PublicField" enabled="false" level="WARNING" enabled_by_default="false">
    <option name="ignoreEnums" value="true" />
    <option name="ignorableAnnotations">
      <value />
    </option>
  </inspection_tool>
  <inspection_tool class="PublicInnerClass" enabled="true" level="WARNING" enabled_by_default="true">
    <option name="ignoreEnums" value="true" />
    <option name="ignoreInterfaces" value="true" />
  </inspection_tool>
  <inspection_tool class="PublicStaticArrayField" enabled="true" level="WARNING" enabled_by_default="true" />
  <inspection_tool class="PublicStaticCollectionField" enabled="true" level="WARNING" enabled_by_default="true" />
  <inspection_tool class="PyBroadExceptionInspection" enabled="false" level="WEAK WARNING" enabled_by_default="false" />
  <inspection_tool class="RandomDoubleForRandomInteger" enabled="true" level="WARNING" enabled_by_default="true" />
  <inspection_tool class="ReadObjectAndWriteObjectPrivate" enabled="true" level="WARNING" enabled_by_default="true" />
  <inspection_tool class="ReadObjectInitialization" enabled="true" level="WARNING" enabled_by_default="true" />
  <inspection_tool class="ReadResolveAndWriteReplaceProtected" enabled="true" level="WARNING" enabled_by_default="true" />
  <inspection_tool class="RedundantFieldInitialization" enabled="true" level="WARNING" enabled_by_default="true" />
  <inspection_tool class="RedundantImplements" enabled="true" level="WARNING" enabled_by_default="true">
    <option name="ignoreSerializable" value="false" />
    <option name="ignoreCloneable" value="false" />
  </inspection_tool>
  <inspection_tool class="RedundantMethodOverride" enabled="true" level="WARNING" enabled_by_default="true" />
  <inspection_tool class="RedundantSuppression" enabled="true" level="WARNING" enabled_by_default="true" />
  <inspection_tool class="RedundantThrowsDeclaration" enabled="true" level="WARNING" enabled_by_default="true" />
  <inspection_tool class="RedundantTypeConversion" enabled="false" level="WARNING" enabled_by_default="false">
    <option name="CHECK_ANY" value="false" />
  </inspection_tool>
  <inspection_tool class="Replace with backquote" enabled="true" level="INFO" enabled_by_default="true" />
  <inspection_tool class="Replace with subshell" enabled="true" level="INFO" enabled_by_default="true" />
  <inspection_tool class="ReplaceAssignmentWithOperatorAssignment" enabled="true" level="WARNING" enabled_by_default="true">
    <option name="ignoreLazyOperators" value="true" />
    <option name="ignoreObscureOperators" value="false" />
  </inspection_tool>
  <inspection_tool class="ReplaceAssignmentWithOperatorAssignmentJS" enabled="true" level="WARNING" enabled_by_default="true" />
  <inspection_tool class="RequiredAttributes" enabled="true" level="WARNING" enabled_by_default="true">
    <option name="myAdditionalRequiredHtmlAttributes" value="src" />
  </inspection_tool>
  <inspection_tool class="RequiredBeanTypeInspection" enabled="false" level="ERROR" enabled_by_default="false" />
  <inspection_tool class="RestWrongDefaultValueInspection" enabled="false" level="WARNING" enabled_by_default="false" />
  <inspection_tool class="ResultOfObjectAllocationIgnored" enabled="true" level="WARNING" enabled_by_default="true" />
  <inspection_tool class="ResultSetIndexZero" enabled="true" level="WARNING" enabled_by_default="true" />
  <inspection_tool class="ReturnOfCollectionField" enabled="true" level="WARNING" enabled_by_default="true">
    <option name="ignorePrivateMethods" value="true" />
  </inspection_tool>
  <inspection_tool class="ReturnOfDateField" enabled="true" level="WARNING" enabled_by_default="true" />
  <inspection_tool class="ReturnThis" enabled="true" level="WARNING" enabled_by_default="true" />
  <inspection_tool class="ReuseOfLocalVariable" enabled="true" level="WARNING" enabled_by_default="true" />
  <inspection_tool class="RuntimeExec" enabled="true" level="WARNING" enabled_by_default="true" />
  <inspection_tool class="RuntimeExecWithNonConstantString" enabled="true" level="WARNING" enabled_by_default="true" />
  <inspection_tool class="SassScssResolvedByNameOnly" enabled="false" level="WEAK WARNING" enabled_by_default="false" />
  <inspection_tool class="SerialPersistentFieldsWithWrongSignature" enabled="true" level="WARNING" enabled_by_default="true" />
  <inspection_tool class="SerialVersionUIDNotStaticFinal" enabled="true" level="WARNING" enabled_by_default="true" />
  <inspection_tool class="SerializableClassInSecureContext" enabled="true" level="WARNING" enabled_by_default="true" />
  <inspection_tool class="SerializableHasSerialVersionUIDField" enabled="true" level="WARNING" enabled_by_default="true">
    <option name="ignoreAnonymousInnerClasses" value="false" />
    <option name="superClassString" value="" />
  </inspection_tool>
  <inspection_tool class="SerializableHasSerializationMethods" enabled="true" level="WARNING" enabled_by_default="true">
    <option name="ignoreAnonymousInnerClasses" value="false" />
    <option name="superClassString" value="" />
  </inspection_tool>
  <inspection_tool class="SerializableInnerClassHasSerialVersionUIDField" enabled="true" level="WARNING" enabled_by_default="true">
    <option name="ignoreAnonymousInnerClasses" value="false" />
    <option name="superClassString" value="" />
  </inspection_tool>
  <inspection_tool class="SerializableInnerClassWithNonSerializableOuterClass" enabled="true" level="WARNING" enabled_by_default="true">
    <option name="ignoreAnonymousInnerClasses" value="false" />
    <option name="superClassString" value="" />
  </inspection_tool>
  <inspection_tool class="SerializableWithUnconstructableAncestor" enabled="true" level="WARNING" enabled_by_default="true" />
  <inspection_tool class="SetReplaceableByEnumSet" enabled="true" level="WARNING" enabled_by_default="true" />
  <inspection_tool class="SimplifiableAnnotation" enabled="true" level="WARNING" enabled_by_default="true" />
  <inspection_tool class="SimplifiableEqualsExpression" enabled="true" level="WARNING" enabled_by_default="true" />
  <inspection_tool class="Singleton" enabled="true" level="WARNING" enabled_by_default="true" />
  <inspection_tool class="SizeReplaceableByIsEmpty" enabled="true" level="WARNING" enabled_by_default="true" />
  <inspection_tool class="SocketResource" enabled="true" level="WARNING" enabled_by_default="true">
    <option name="insideTryAllowed" value="false" />
  </inspection_tool>
  <inspection_tool class="SpellCheckingInspection" enabled="false" level="TYPO" enabled_by_default="false">
    <option name="processCode" value="true" />
    <option name="processLiterals" value="true" />
    <option name="processComments" value="true" />
  </inspection_tool>
  <inspection_tool class="SpringBatchModel" enabled="false" level="ERROR" enabled_by_default="false" />
  <inspection_tool class="SpringBeanAutowiringInspection" enabled="false" level="ERROR" enabled_by_default="false" />
  <inspection_tool class="SpringBeanConstructorArgInspection" enabled="false" level="ERROR" enabled_by_default="false" />
  <inspection_tool class="SpringBeanDepedencyCheckInspection" enabled="false" level="ERROR" enabled_by_default="false" />
  <inspection_tool class="SpringBeanInstantiationInspection" enabled="false" level="ERROR" enabled_by_default="false" />
  <inspection_tool class="SpringBeanLookupMethodInspection" enabled="false" level="ERROR" enabled_by_default="false" />
  <inspection_tool class="SpringBeanNameConventionInspection" enabled="false" level="WARNING" enabled_by_default="false" />
  <inspection_tool class="SpringContextConfigurationInspection" enabled="false" level="ERROR" enabled_by_default="false" />
  <inspection_tool class="SpringDataJpaMethodInconsistencyInspection" enabled="false" level="WARNING" enabled_by_default="false" />
  <inspection_tool class="SpringElInspection" enabled="false" level="WARNING" enabled_by_default="false" />
  <inspection_tool class="SpringFacetInspection" enabled="false" level="WARNING" enabled_by_default="false">
    <option name="checkTestFiles" value="false" />
  </inspection_tool>
  <inspection_tool class="SpringFactoryMethodInspection" enabled="false" level="ERROR" enabled_by_default="false" />
  <inspection_tool class="SpringIncorrectResourceTypeInspection" enabled="false" level="ERROR" enabled_by_default="false" />
  <inspection_tool class="SpringInjectionValueConsistencyInspection" enabled="false" level="ERROR" enabled_by_default="false" />
  <inspection_tool class="SpringInjectionValueStyleInspection" enabled="false" level="WARNING" enabled_by_default="false" />
  <inspection_tool class="SpringIntegrationDeprecations21" enabled="false" level="WARNING" enabled_by_default="false" />
  <inspection_tool class="SpringIntegrationModel" enabled="false" level="ERROR" enabled_by_default="false" />
  <inspection_tool class="SpringJavaAutowiringInspection" enabled="false" level="ERROR" enabled_by_default="false" />
  <inspection_tool class="SpringJavaConfigExternalBeansErrorInspection" enabled="false" level="WARNING" enabled_by_default="false" />
  <inspection_tool class="SpringJavaConfigInconsistencyInspection" enabled="false" level="ERROR" enabled_by_default="false" />
  <inspection_tool class="SpringMVCInitBinder" enabled="false" level="ERROR" enabled_by_default="false" />
  <inspection_tool class="SpringMVCViewInspection" enabled="false" level="WARNING" enabled_by_default="false" />
  <inspection_tool class="SpringMessageDispatcherWebXmlInspection" enabled="false" level="ERROR" enabled_by_default="false" />
  <inspection_tool class="SpringModelInspection" enabled="false" level="ERROR" enabled_by_default="false" />
  <inspection_tool class="SpringOsgiElementsInconsistencyInspection" enabled="false" level="ERROR" enabled_by_default="false" />
  <inspection_tool class="SpringOsgiListenerInspection" enabled="false" level="ERROR" enabled_by_default="false" />
  <inspection_tool class="SpringOsgiServiceCommonInspection" enabled="false" level="ERROR" enabled_by_default="false" />
  <inspection_tool class="SpringPlaceholdersInspection" enabled="false" level="WARNING" enabled_by_default="false" />
  <inspection_tool class="SpringPublicFactoryMethodInspection" enabled="false" level="WARNING" enabled_by_default="false" />
  <inspection_tool class="SpringRequiredAnnotationInspection" enabled="false" level="ERROR" enabled_by_default="false" />
  <inspection_tool class="SpringRequiredPropertyInspection" enabled="false" level="ERROR" enabled_by_default="false" />
  <inspection_tool class="SpringScopesInspection" enabled="false" level="ERROR" enabled_by_default="false" />
  <inspection_tool class="SpringSecurityDebugActivatedInspection" enabled="false" level="WARNING" enabled_by_default="false" />
  <inspection_tool class="SpringSecurityFiltersConfiguredInspection" enabled="false" level="WARNING" enabled_by_default="false" />
  <inspection_tool class="SpringSecurityModelInspection" enabled="false" level="ERROR" enabled_by_default="false" />
  <inspection_tool class="SpringStaticMembersAutowiringInspection" enabled="false" level="WARNING" enabled_by_default="false" />
  <inspection_tool class="SpringTransactionalComponentInspection" enabled="false" level="ERROR" enabled_by_default="false" />
  <inspection_tool class="SpringWebServiceAnnotationsInconsistencyInspection" enabled="false" level="WARNING" enabled_by_default="false" />
  <inspection_tool class="SpringWebServicesConfigurationsInspection" enabled="false" level="ERROR" enabled_by_default="false" />
  <inspection_tool class="SqlAmbiguousColumnInspection" enabled="false" level="WARNING" enabled_by_default="false" />
  <inspection_tool class="SqlDialectInspection" enabled="false" level="WARNING" enabled_by_default="false" />
  <inspection_tool class="SqlIdentifierInspection" enabled="false" level="WARNING" enabled_by_default="false" />
  <inspection_tool class="SqlInsertValuesInspection" enabled="false" level="WARNING" enabled_by_default="false" />
  <inspection_tool class="SqlNoDataSourceInspection" enabled="false" level="WARNING" enabled_by_default="false" />
  <inspection_tool class="SqlResolveInspection" enabled="false" level="WARNING" enabled_by_default="false" />
  <inspection_tool class="StaticCallOnSubclass" enabled="true" level="WARNING" enabled_by_default="true" />
  <inspection_tool class="StaticCollection" enabled="true" level="WARNING" enabled_by_default="true">
    <option name="m_ignoreWeakCollections" value="false" />
  </inspection_tool>
  <inspection_tool class="StaticFieldReferenceOnSubclass" enabled="true" level="WARNING" enabled_by_default="true" />
  <inspection_tool class="StaticGuardedByInstance" enabled="true" level="WARNING" enabled_by_default="true" />
  <inspection_tool class="StaticInheritance" enabled="true" level="WARNING" enabled_by_default="true" />
  <inspection_tool class="StaticMethodOnlyUsedInOneClass" enabled="true" level="WARNING" enabled_by_default="true" />
  <inspection_tool class="StaticVariableInitialization" enabled="true" level="WARNING" enabled_by_default="true">
    <option name="m_ignorePrimitives" value="true" />
  </inspection_tool>
  <inspection_tool class="StaticVariableUninitializedUse" enabled="true" level="WARNING" enabled_by_default="true">
    <option name="m_ignorePrimitives" value="false" />
  </inspection_tool>
  <inspection_tool class="StringBufferField" enabled="true" level="WARNING" enabled_by_default="true" />
  <inspection_tool class="StringBufferMustHaveInitialCapacity" enabled="true" level="WARNING" enabled_by_default="true" />
  <inspection_tool class="StringBufferToStringInConcatenation" enabled="true" level="WARNING" enabled_by_default="true" />
  <inspection_tool class="StringConcatenationInFormatCall" enabled="true" level="WARNING" enabled_by_default="true" />
  <inspection_tool class="StringConcatenationInMessageFormatCall" enabled="true" level="WARNING" enabled_by_default="true" />
  <inspection_tool class="StringEqualsEmptyString" enabled="true" level="WARNING" enabled_by_default="true" />
  <inspection_tool class="StringReplaceableByStringBuffer" enabled="true" level="WARNING" enabled_by_default="true">
    <option name="onlyWarnOnLoop" value="true" />
  </inspection_tool>
  <inspection_tool class="SubtractionInCompareTo" enabled="true" level="WARNING" enabled_by_default="true" />
  <inspection_tool class="SuppressionAnnotation" enabled="true" level="WARNING" enabled_by_default="true" />
  <inspection_tool class="SuspiciousArrayCast" enabled="true" level="WARNING" enabled_by_default="true" />
  <inspection_tool class="SuspiciousIndentAfterControlStatement" enabled="true" level="WARNING" enabled_by_default="true" />
  <inspection_tool class="SwitchStatementDensity" enabled="false" level="WARNING" enabled_by_default="false">
    <option name="m_limit" value="35" />
  </inspection_tool>
  <inspection_tool class="SwitchStatementWithConfusingDeclaration" enabled="true" level="WARNING" enabled_by_default="true" />
  <inspection_tool class="SwitchStatementWithTooFewBranches" enabled="true" level="WARNING" enabled_by_default="true">
    <option name="m_limit" value="2" />
  </inspection_tool>
  <inspection_tool class="SwitchStatementWithTooManyBranches" enabled="true" level="WARNING" enabled_by_default="true">
    <option name="m_limit" value="10" />
  </inspection_tool>
  <inspection_tool class="SwitchStatementsWithoutDefault" enabled="true" level="WARNING" enabled_by_default="true">
    <option name="m_ignoreFullyCoveredEnums" value="true" />
  </inspection_tool>
  <inspection_tool class="SystemExit" enabled="true" level="WARNING" enabled_by_default="true" />
  <inspection_tool class="SystemGC" enabled="true" level="WARNING" enabled_by_default="true" />
  <inspection_tool class="SystemGetenv" enabled="true" level="WARNING" enabled_by_default="true" />
  <inspection_tool class="SystemOutErr" enabled="true" level="WARNING" enabled_by_default="true" />
  <inspection_tool class="SystemProperties" enabled="true" level="WARNING" enabled_by_default="true" />
  <inspection_tool class="SystemSetSecurityManager" enabled="true" level="WARNING" enabled_by_default="true" />
  <inspection_tool class="TailRecursion" enabled="true" level="WARNING" enabled_by_default="true" />
  <inspection_tool class="TextLabelInSwitchStatement" enabled="true" level="WARNING" enabled_by_default="true" />
  <inspection_tool class="ThisEscapedInConstructor" enabled="true" level="WARNING" enabled_by_default="true" />
  <inspection_tool class="ThreadDeathRethrown" enabled="true" level="WARNING" enabled_by_default="true" />
  <inspection_tool class="ThreadDumpStack" enabled="true" level="WARNING" enabled_by_default="true" />
  <inspection_tool class="ThreeNegationsPerMethod" enabled="true" level="WARNING" enabled_by_default="true">
    <option name="m_ignoreInEquals" value="true" />
    <option name="ignoreInAssert" value="false" />
  </inspection_tool>
  <inspection_tool class="ThrowCaughtLocally" enabled="true" level="WARNING" enabled_by_default="true">
    <option name="ignoreRethrownExceptions" value="false" />
  </inspection_tool>
  <inspection_tool class="ThrownExceptionsPerMethod" enabled="true" level="WARNING" enabled_by_default="true">
    <option name="m_limit" value="3" />
  </inspection_tool>
  <inspection_tool class="ThrowsRuntimeException" enabled="true" level="WARNING" enabled_by_default="true" />
  <inspection_tool class="TooBroadCatch" enabled="true" level="WARNING" enabled_by_default="true" />
  <inspection_tool class="TooBroadScope" enabled="true" level="WARNING" enabled_by_default="true">
    <option name="m_allowConstructorAsInitializer" value="false" />
    <option name="m_onlyLookAtBlocks" value="false" />
  </inspection_tool>
  <inspection_tool class="TooBroadThrows" enabled="true" level="WARNING" enabled_by_default="true" />
  <inspection_tool class="TransientFieldInNonSerializableClass" enabled="true" level="WARNING" enabled_by_default="true" />
  <inspection_tool class="TransientFieldNotInitialized" enabled="true" level="WARNING" enabled_by_default="true" />
  <inspection_tool class="TrivialStringConcatenation" enabled="true" level="WARNING" enabled_by_default="true" />
  <inspection_tool class="TypeMayBeWeakened" enabled="true" level="WARNING" enabled_by_default="true">
    <option name="useRighthandTypeAsWeakestTypeInAssignments" value="true" />
    <option name="useParameterizedTypeForCollectionMethods" value="true" />
    <option name="doNotWeakenToJavaLangObject" value="true" />
    <option name="onlyWeakentoInterface" value="true" />
  </inspection_tool>
  <inspection_tool class="TypeParameterExtendsFinalClass" enabled="true" level="WARNING" enabled_by_default="true" />
  <inspection_tool class="UnaryPlus" enabled="true" level="WARNING" enabled_by_default="true" />
  <inspection_tool class="UncheckedExceptionClass" enabled="true" level="WARNING" enabled_by_default="true" />
  <inspection_tool class="UnclearBinaryExpression" enabled="true" level="WARNING" enabled_by_default="true" />
  <inspection_tool class="UnknownGuard" enabled="true" level="WARNING" enabled_by_default="true" />
  <inspection_tool class="UnnecessarilyQualifiedInnerClassAccess" enabled="true" level="WARNING" enabled_by_default="true">
    <option name="ignoreReferencesNeedingImport" value="true" />
  </inspection_tool>
  <inspection_tool class="UnnecessarilyQualifiedStaticUsage" enabled="true" level="WARNING" enabled_by_default="true">
    <option name="m_ignoreStaticFieldAccesses" value="true" />
    <option name="m_ignoreStaticMethodCalls" value="true" />
    <option name="m_ignoreStaticAccessFromStaticContext" value="true" />
  </inspection_tool>
  <inspection_tool class="UnnecessarilyQualifiedStaticallyImportedElement" enabled="true" level="WARNING" enabled_by_default="true" />
  <inspection_tool class="UnnecessaryBlockStatement" enabled="true" level="WARNING" enabled_by_default="true">
    <option name="ignoreSwitchBranches" value="true" />
  </inspection_tool>
  <inspection_tool class="UnnecessaryCallToStringValueOf" enabled="true" level="WARNING" enabled_by_default="true" />
  <inspection_tool class="UnnecessaryConstantArrayCreationExpression" enabled="true" level="WARNING" enabled_by_default="true" />
  <inspection_tool class="UnnecessaryConstructor" enabled="true" level="WARNING" enabled_by_default="true" />
  <inspection_tool class="UnnecessaryDefault" enabled="true" level="WARNING" enabled_by_default="true" />
  <inspection_tool class="UnnecessaryExplicitNumericCast" enabled="true" level="WARNING" enabled_by_default="true" />
  <inspection_tool class="UnnecessaryFullyQualifiedName" enabled="true" level="WARNING" enabled_by_default="true">
    <option name="m_ignoreJavadoc" value="false" />
  </inspection_tool>
  <inspection_tool class="UnnecessaryParentheses" enabled="false" level="WARNING" enabled_by_default="false">
    <option name="ignoreClarifyingParentheses" value="true" />
    <option name="ignoreParenthesesOnConditionals" value="true" />
    <option name="ignoreParenthesesOnLambdaParameter" value="true" />
  </inspection_tool>
  <inspection_tool class="UnnecessaryQualifierForThis" enabled="true" level="WARNING" enabled_by_default="true" />
  <inspection_tool class="UnnecessarySuperConstructor" enabled="true" level="WARNING" enabled_by_default="true" />
  <inspection_tool class="UnnecessarySuperQualifier" enabled="true" level="WARNING" enabled_by_default="true" />
  <inspection_tool class="UnnecessaryThis" enabled="true" level="WARNING" enabled_by_default="true" />
  <inspection_tool class="UnnecessaryUnaryMinus" enabled="true" level="WARNING" enabled_by_default="true" />
  <inspection_tool class="UnparsedCustomBeanInspection" enabled="false" level="WARNING" enabled_by_default="false" />
  <inspection_tool class="UnpredictableBigDecimalConstructorCall" enabled="true" level="WARNING" enabled_by_default="true">
    <option name="ignoreReferences" value="true" />
    <option name="ignoreComplexLiterals" value="false" />
  </inspection_tool>
  <inspection_tool class="UnqualifiedInnerClassAccess" enabled="true" level="WARNING" enabled_by_default="true">
    <option name="ignoreReferencesToLocalInnerClasses" value="true" />
  </inspection_tool>
  <inspection_tool class="UnqualifiedStaticUsage" enabled="true" level="WARNING" enabled_by_default="true">
    <option name="m_ignoreStaticFieldAccesses" value="true" />
    <option name="m_ignoreStaticMethodCalls" value="true" />
    <option name="m_ignoreStaticAccessFromStaticContext" value="false" />
  </inspection_tool>
  <inspection_tool class="UnresolvedMessageChannel" enabled="false" level="WARNING" enabled_by_default="false" />
  <inspection_tool class="UnsecureRandomNumberGeneration" enabled="true" level="WARNING" enabled_by_default="true" />
  <inspection_tool class="UnusedCatchParameter" enabled="true" level="WARNING" enabled_by_default="true">
    <option name="m_ignoreCatchBlocksWithComments" value="false" />
    <option name="m_ignoreTestCases" value="false" />
  </inspection_tool>
  <inspection_tool class="UnusedLibrary" enabled="true" level="WARNING" enabled_by_default="true" />
  <inspection_tool class="UseOfAWTPeerClass" enabled="true" level="WARNING" enabled_by_default="true" />
  <inspection_tool class="UseOfAnotherObjectsPrivateField" enabled="true" level="WARNING" enabled_by_default="true">
    <option name="ignoreSameClass" value="false" />
    <option name="ignoreEquals" value="false" />
  </inspection_tool>
  <inspection_tool class="UseOfJDBCDriverClass" enabled="true" level="WARNING" enabled_by_default="true" />
  <inspection_tool class="UseOfProcessBuilder" enabled="true" level="WARNING" enabled_by_default="true" />
  <inspection_tool class="UseOfPropertiesAsHashtable" enabled="true" level="WARNING" enabled_by_default="true" />
  <inspection_tool class="UseOfSunClasses" enabled="true" level="WARNING" enabled_by_default="true" />
  <inspection_tool class="UtilSchemaInspection" enabled="false" level="ERROR" enabled_by_default="false" />
  <inspection_tool class="UtilityClassWithPublicConstructor" enabled="true" level="WARNING" enabled_by_default="true" />
  <inspection_tool class="UtilityClassWithoutPrivateConstructor" enabled="true" level="WARNING" enabled_by_default="true">
    <option name="ignorableAnnotations">
      <value />
    </option>
    <option name="ignoreClassesWithOnlyMain" value="false" />
  </inspection_tool>
  <inspection_tool class="ValidExternallyBoundObject" enabled="false" level="ERROR" enabled_by_default="false" />
  <inspection_tool class="VoidMethodAnnotatedWithGET" enabled="false" level="WARNING" enabled_by_default="false" />
  <inspection_tool class="VtlDirectiveArgsInspection" enabled="false" level="WARNING" enabled_by_default="false" />
  <inspection_tool class="VtlFileReferencesInspection" enabled="false" level="WARNING" enabled_by_default="false" />
  <inspection_tool class="VtlInterpolationsInspection" enabled="false" level="ERROR" enabled_by_default="false" />
  <inspection_tool class="VtlReferencesInspection" enabled="false" level="WARNING" enabled_by_default="false" />
  <inspection_tool class="VtlTypesInspection" enabled="false" level="WARNING" enabled_by_default="false" />
  <inspection_tool class="WSReferenceInspection" enabled="false" level="WARNING" enabled_by_default="false" />
  <inspection_tool class="WebflowConfigModelInspection" enabled="false" level="ERROR" enabled_by_default="false" />
  <inspection_tool class="WebflowModelInspection" enabled="false" level="ERROR" enabled_by_default="false" />
  <inspection_tool class="WebflowSetupInspection" enabled="false" level="ERROR" enabled_by_default="false" />
  <inspection_tool class="WsdlHighlightingInspection" enabled="false" level="ERROR" enabled_by_default="false" />
  <inspection_tool class="ZeroLengthArrayInitialization" enabled="true" level="WARNING" enabled_by_default="true" />
  <inspection_tool class="dependsOnMethodTestNG" enabled="false" level="WARNING" enabled_by_default="false" />
  <inspection_tool class="groupsTestNG" enabled="false" level="WARNING" enabled_by_default="false">
    <option name="groups">
      <value>
        <list size="0" />
      </value>
    </option>
  </inspection_tool>
</inspections>